{"cameraMode":{"drawMode":0,"name":"Shaded","section":"Shading Mode"},"sceneLighting":true,"audioPlay":false,"sceneViewState":{"m_AlwaysRefresh":false,"showFog":true,"showSkybox":true,"showFlares":true,"showImageEffects":true,"showParticleSystems":true,"showVisualEffectGraphs":true,"m_FxEnabled":true},"in2DMode":false,"pivot":{"x":5.491138935089111,"y":2.0246291160583498,"z":1.3424046039581299},"rotation":{"x":0.15603968501091004,"y":-0.689083993434906,"z":0.15576724708080293,"w":0.6903159618377686},"size":0.22790244221687318,"orthographic":false}