{"cameraMode":{"drawMode":0,"name":"Shaded","section":"Shading Mode"},"sceneLighting":true,"audioPlay":false,"sceneViewState":{"m_AlwaysRefresh":false,"showFog":true,"showSkybox":true,"showFlares":true,"showImageEffects":true,"showParticleSystems":true,"showVisualEffectGraphs":true,"m_FxEnabled":true},"in2DMode":false,"pivot":{"x":-17.407651901245118,"y":22.452754974365236,"z":-40.04963302612305},"rotation":{"x":-0.2379447966814041,"y":0.020981229841709138,"z":-0.005136346444487572,"w":-0.9710212349891663},"size":0.08672081679105759,"orthographic":false}