{"cameraMode":{"drawMode":0,"name":"Shaded","section":"Shading Mode"},"sceneLighting":false,"audioPlay":false,"sceneViewState":{"m_AlwaysRefresh":false,"showFog":true,"showSkybox":false,"showFlares":true,"showImageEffects":true,"showParticleSystems":true,"showVisualEffectGraphs":true,"m_FxEnabled":true},"in2DMode":false,"pivot":{"x":0.00000476837158203125,"y":1.2833366394042969,"z":4.944633960723877},"rotation":{"x":0.09805547446012497,"y":-0.6336347460746765,"z":0.08143235743045807,"w":0.7630465030670166},"size":1.9350512027740479,"orthographic":false}